Keyword;Search Volume;CPC;Competition;Number of Results;Trends;Intent;Keyword Difficulty Index
snowflake cost optimization;260;22.23;0.77;106;0.21,0.26,0.26,0.39,0.39,0.26,0.09,0.09,0.48,0.59,0.39,0.39;1;27
reduce snowflake costs;50;20.54;0.95;10800000;0.36,0.36,0.45,1.00,1.00,0.81,0.18,0.18,0.18,0.18,0.18,0.45;1;20
snowflake credits;70;12.53;0.04;22300000;0.17,0.29,0.23,0.64,0.64,0.64,0.41,0.64,0.41,0.41,0.11,0.41;1,3;48
snowflake auto suspend;20;0;0.33;0;0.40,0.40,0.40,0.40,0.40,0.40,0.40,0.40,0.40,0.40,0.40,0.40;;0
snowflake proxy;20;0;0.05;0;0.03,0.03,0.03,0.03,0.03,0.03,0.03,0.03,0.03,0.03,0.03,0.03;;0
snowflake finops;40;40.93;0.63;397000;0.18,0.36,0.45,1.00,0.81,0.36,0.27,0.18,0.18,0.18,0.27,0.63;1;18
snowflake warehouse sizing;140;0;0.01;3790000;1.00,1.00,0.21,1.00,0.00,0.34,0.28,0.34,0.34,0.53,0.34,0.34;1;26
snowflake pricing;1300;6.6;0.16;21800000;0.04,0.04,0.04,0.05,0.07,0.05,0.03,0.03,0.02,0.04,0.04,0.04;2;36
snowflake result cache;20;0;0.02;0;0.66,0.66,0.66,0.66,0.66,0.66,0.66,0.66,0.66,0.66,0.66,0.66;;0